{"products":[{"qty":1,"id":"0.2085511733404002"}],"totalPrice":66.65999999999988}